Position,Name + ID,Name,ID,Roster Position,Salary,Game Info,TeamAbbrev,AvgPointsPerGame
RB,Christian McCaffrey (13621764),Christian McCaffrey,13621764,RB/FLEX,9200,CAR@SF 10/27/2019 04:05PM ET,CAR,31.72
RB,Saquon Barkley (13621923),Saquon Barkley,13621923,RB/FLEX,8900,NYG@DET 10/27/2019 01:00PM ET,NYG,17.78
WR,DeAndre Hopkins (13621378),DeAndre Hopkins,13621378,WR/FLEX,8100,OAK@HOU 10/27/2019 04:25PM ET,HOU,17.83
WR,Michael Thomas (13621512),Michael Thomas,13621512,WR/FLEX,8000,ARI@NO 10/27/2019 01:00PM ET,NO,23.61
RB,Leonard Fournette (13621733),Leonard Fournette,13621733,RB/FLEX,7800,NYJ@JAX 10/27/2019 01:00PM ET,JAX,19.11
RB,James Conner (13621641),James Conner,13621641,RB/FLEX,7700,MIA@PIT 10/28/2019 08:15PM ET,PIT,16.93
WR,Julio Jones (13621248),Julio Jones,13621248,WR/FLEX,7700,SEA@ATL 10/27/2019 01:00PM ET,ATL,18.44
RB,Alvin Kamara (13621697),Alvin Kamara,13621697,RB/FLEX,7600,ARI@NO 10/27/2019 01:00PM ET,NO,18.40
WR,Tyreek Hill (13621750),Tyreek Hill,13621750,WR/FLEX,7600,GB@KC 10/27/2019 08:20PM ET,KC,15.17
WR,Cooper Kupp (13621582),Cooper Kupp,13621582,WR/FLEX,7500,CIN@LAR 10/27/2019 01:00PM ET,LAR,20.66
RB,Todd Gurley II (13621559),Todd Gurley II,13621559,RB/FLEX,7400,CIN@LAR 10/27/2019 01:00PM ET,LAR,14.87
QB,Russell Wilson (13621238),Russell Wilson,13621238,QB,7200,SEA@ATL 10/27/2019 01:00PM ET,SEA,25.37
TE,Travis Kelce (13621246),Travis Kelce,13621246,TE/FLEX,7200,GB@KC 10/27/2019 08:20PM ET,KC,14.44
WR,Davante Adams (13621485),Davante Adams,13621485,WR/FLEX,7200,GB@KC 10/27/2019 08:20PM ET,GB,17.2
QB,Deshaun Watson (13621761),Deshaun Watson,13621761,QB,7100,OAK@HOU 10/27/2019 04:25PM ET,HOU,26.24
WR,Chris Godwin (13621801),Chris Godwin,13621801,WR/FLEX,7100,TB@TEN 10/27/2019 01:00PM ET,TB,26.2
WR,Tyler Lockett (13621437),Tyler Lockett,13621437,WR/FLEX,7000,SEA@ATL 10/27/2019 01:00PM ET,SEA,16.81
RB,Chris Carson (13621917),Chris Carson,13621917,RB/FLEX,7000,SEA@ATL 10/27/2019 01:00PM ET,SEA,17.69
QB,Aaron Rodgers (13621155),Aaron Rodgers,13621155,QB,7000,GB@KC 10/27/2019 08:20PM ET,GB,21.08
RB,Le'Veon Bell (13621333),Le'Veon Bell,13621333,RB/FLEX,6900,NYJ@JAX 10/27/2019 01:00PM ET,NYJ,15.35
WR,Julian Edelman (13621213),Julian Edelman,13621213,WR/FLEX,6900,CLE@NE 10/27/2019 04:25PM ET,NE,16.68
QB,Jared Goff (13621600),Jared Goff,13621600,QB,6800,CIN@LAR 10/27/2019 01:00PM ET,LAR,17.77
RB,Aaron Jones (13621632),Aaron Jones,13621632,RB/FLEX,6800,GB@KC 10/27/2019 08:20PM ET,GB,20.79
WR,Mike Evans (13621406),Mike Evans,13621406,WR/FLEX,6600,TB@TEN 10/27/2019 01:00PM ET,TB,17.07
QB,Tom Brady (13621147),Tom Brady,13621147,QB,6600,CLE@NE 10/27/2019 04:25PM ET,NE,21.28
RB,Nick Chubb (13621744),Nick Chubb,13621744,RB/FLEX,6600,CLE@NE 10/27/2019 04:25PM ET,CLE,22.42
WR,JuJu Smith-Schuster (13621817),JuJu Smith-Schuster,13621817,WR/FLEX,6500,MIA@PIT 10/28/2019 08:15PM ET,PIT,11.67
QB,Josh Allen (13621880),Josh Allen,13621880,QB,6500,PHI@BUF 10/27/2019 01:00PM ET,BUF,18.83
TE,George Kittle (13621621),George Kittle,13621621,TE/FLEX,6500,CAR@SF 10/27/2019 04:05PM ET,SF,13.73
WR,Odell Beckham Jr. (13621389),Odell Beckham Jr.,13621389,WR/FLEX,6500,CLE@NE 10/27/2019 04:25PM ET,CLE,14.32
WR,Keenan Allen (13621368),Keenan Allen,13621368,WR/FLEX,6400,LAC@CHI 10/27/2019 01:00PM ET,LAC,17.81
WR,Kenny Golladay (13621578),Kenny Golladay,13621578,WR/FLEX,6400,NYG@DET 10/27/2019 01:00PM ET,DET,15.58
RB,David Johnson (13621341),David Johnson,13621341,RB/FLEX,6400,ARI@NO 10/27/2019 01:00PM ET,ARI,17.36
WR,Robert Woods (13621362),Robert Woods,13621362,WR/FLEX,6300,CIN@LAR 10/27/2019 01:00PM ET,LAR,13.57
QB,Drew Brees (13621148),Drew Brees,13621148,QB,6300,ARI@NO 10/27/2019 01:00PM ET,NO,12.66
WR,Will Fuller V (13621683),Will Fuller V,13621683,WR/FLEX,6200,OAK@HOU 10/27/2019 04:25PM ET,HOU,14.29
RB,Chase Edmonds (13621789),Chase Edmonds,13621789,RB/FLEX,6200,ARI@NO 10/27/2019 01:00PM ET,ARI,11.67
QB,Kyler Murray (13621900),Kyler Murray,13621900,QB,6200,ARI@NO 10/27/2019 01:00PM ET,ARI,20.90
QB,Matthew Stafford (13621196),Matthew Stafford,13621196,QB,6100,NYG@DET 10/27/2019 01:00PM ET,DET,21.56
WR,T.Y. Hilton (13621278),T.Y. Hilton,13621278,WR/FLEX,6100,DEN@IND 10/27/2019 01:00PM ET,IND,18.12
RB,Marlon Mack (13621852),Marlon Mack,13621852,RB/FLEX,6100,DEN@IND 10/27/2019 01:00PM ET,IND,14.47
QB,Matt Ryan (13621159),Matt Ryan,13621159,QB,6000,SEA@ATL 10/27/2019 01:00PM ET,ATL,24.17
WR,Allen Robinson II (13621481),Allen Robinson II,13621481,WR/FLEX,6000,LAC@CHI 10/27/2019 01:00PM ET,CHI,18.07
WR,DJ Chark Jr. (13621731),DJ Chark Jr.,13621731,WR/FLEX,6000,NYJ@JAX 10/27/2019 01:00PM ET,JAX,18.44
RB,Derrick Henry (13621615),Derrick Henry,13621615,RB/FLEX,6000,TB@TEN 10/27/2019 01:00PM ET,TEN,15.51
WR,John Brown (13621284),John Brown,13621284,WR/FLEX,5900,PHI@BUF 10/27/2019 01:00PM ET,BUF,15.95
RB,Austin Ekeler (13621711),Austin Ekeler,13621711,RB/FLEX,5900,LAC@CHI 10/27/2019 01:00PM ET,LAC,23.66
TE,Darren Waller (13621418),Darren Waller,13621418,TE/FLEX,5900,OAK@HOU 10/27/2019 04:25PM ET,OAK,18.53
WR,A.J. Green (13621250),A.J. Green,13621250,WR/FLEX,5900,CIN@LAR 10/27/2019 01:00PM ET,CIN,0
QB,Teddy Bridgewater (13621396),Teddy Bridgewater,13621396,QB,5900,ARI@NO 10/27/2019 01:00PM ET,NO,15.95
QB,Jameis Winston (13621536),Jameis Winston,13621536,QB,5900,TB@TEN 10/27/2019 01:00PM ET,TB,20.77
WR,Golden Tate (13621232),Golden Tate,13621232,WR/FLEX,5800,NYG@DET 10/27/2019 01:00PM ET,NYG,14.5
WR,Marvin Jones Jr. (13621259),Marvin Jones Jr.,13621259,WR/FLEX,5800,NYG@DET 10/27/2019 01:00PM ET,DET,17.02
QB,Daniel Jones (13621901),Daniel Jones,13621901,QB,5800,NYG@DET 10/27/2019 01:00PM ET,NYG,14.48
RB,Josh Jacobs (13621984),Josh Jacobs,13621984,RB/FLEX,5800,OAK@HOU 10/27/2019 04:25PM ET,OAK,17.18
RB,Latavius Murray (13621276),Latavius Murray,13621276,RB/FLEX,5800,ARI@NO 10/27/2019 01:00PM ET,NO,10.07
RB,Kerryon Johnson (13621911),Kerryon Johnson,13621911,RB/FLEX,5700,NYG@DET 10/27/2019 01:00PM ET,DET,12.07
WR,Brandin Cooks (13621473),Brandin Cooks,13621473,WR/FLEX,5700,CIN@LAR 10/27/2019 01:00PM ET,LAR,11.61
QB,Jimmy Garoppolo (13621357),Jimmy Garoppolo,13621357,QB,5700,CAR@SF 10/27/2019 04:05PM ET,SF,13.93
WR,Calvin Ridley (13621929),Calvin Ridley,13621929,WR/FLEX,5600,SEA@ATL 10/27/2019 01:00PM ET,ATL,13.33
QB,Carson Wentz (13621489),Carson Wentz,13621489,QB,5600,PHI@BUF 10/27/2019 01:00PM ET,PHI,19.34
QB,Jacoby Brissett (13621463),Jacoby Brissett,13621463,QB,5600,DEN@IND 10/27/2019 01:00PM ET,IND,20.95
RB,Phillip Lindsay (13621663),Phillip Lindsay,13621663,RB/FLEX,5600,DEN@IND 10/27/2019 01:00PM ET,DEN,14.94
RB,Devonta Freeman (13621400),Devonta Freeman,13621400,RB/FLEX,5500,SEA@ATL 10/27/2019 01:00PM ET,ATL,13.47
TE,Austin Hooper (13621627),Austin Hooper,13621627,TE/FLEX,5500,SEA@ATL 10/27/2019 01:00PM ET,ATL,18.66
WR,Tyrell Williams (13621493),Tyrell Williams,13621493,WR/FLEX,5500,OAK@HOU 10/27/2019 04:25PM ET,OAK,16.4
QB,Gardner Minshew II (13621877),Gardner Minshew II,13621877,QB,5500,NYJ@JAX 10/27/2019 01:00PM ET,JAX,17.74
QB,Sam Darnold (13621902),Sam Darnold,13621902,QB,5500,NYJ@JAX 10/27/2019 01:00PM ET,NYJ,11.65
RB,Royce Freeman (13621811),Royce Freeman,13621811,RB/FLEX,5500,DEN@IND 10/27/2019 01:00PM ET,DEN,11.51
RB,Melvin Gordon III (13621455),Melvin Gordon III,13621455,RB/FLEX,5400,LAC@CHI 10/27/2019 01:00PM ET,LAC,8.5
WR,Sterling Shepard (13621532),Sterling Shepard,13621532,WR/FLEX,5400,NYG@DET 10/27/2019 01:00PM ET,NYG,16.72
WR,Larry Fitzgerald (13621170),Larry Fitzgerald,13621170,WR/FLEX,5400,ARI@NO 10/27/2019 01:00PM ET,ARI,13.99
QB,Cam Newton (13621219),Cam Newton,13621219,QB,5400,CAR@SF 10/27/2019 04:05PM ET,CAR,11.34
WR,Josh Gordon (13621309),Josh Gordon,13621309,WR/FLEX,5400,CLE@NE 10/27/2019 04:25PM ET,NE,9.13
QB,Mason Rudolph (13621752),Mason Rudolph,13621752,QB,5300,MIA@PIT 10/28/2019 08:15PM ET,PIT,13.44
QB,Devlin Hodges (13621829),Devlin Hodges,13621829,QB,5300,MIA@PIT 10/28/2019 08:15PM ET,PIT,6.9
WR,DeSean Jackson (13621193),DeSean Jackson,13621193,WR/FLEX,5300,PHI@BUF 10/27/2019 01:00PM ET,PHI,19.2
QB,Philip Rivers (13621172),Philip Rivers,13621172,QB,5300,LAC@CHI 10/27/2019 01:00PM ET,LAC,19.71
TE,Evan Engram (13621677),Evan Engram,13621677,TE/FLEX,5300,NYG@DET 10/27/2019 01:00PM ET,NYG,15.07
RB,Malcolm Brown (13621433),Malcolm Brown,13621433,RB/FLEX,5300,CIN@LAR 10/27/2019 01:00PM ET,LAR,4.9
WR,Courtland Sutton (13621844),Courtland Sutton,13621844,WR/FLEX,5300,DEN@IND 10/27/2019 01:00PM ET,DEN,16.2
RB,Damien Williams (13621534),Damien Williams,13621534,RB/FLEX,5300,GB@KC 10/27/2019 08:20PM ET,KC,9.1
WR,Alshon Jeffery (13621311),Alshon Jeffery,13621311,WR/FLEX,5200,PHI@BUF 10/27/2019 01:00PM ET,PHI,12.58
QB,Kyle Allen (13621739),Kyle Allen,13621739,QB,5200,CAR@SF 10/27/2019 04:05PM ET,CAR,15.16
RB,Sony Michel (13621748),Sony Michel,13621748,RB/FLEX,5200,CLE@NE 10/27/2019 04:25PM ET,NE,12.16
TE,Zach Ertz (13621304),Zach Ertz,13621304,TE/FLEX,5100,PHI@BUF 10/27/2019 01:00PM ET,PHI,11.77
WR,Tyler Boyd (13621639),Tyler Boyd,13621639,WR/FLEX,5100,CIN@LAR 10/27/2019 01:00PM ET,CIN,14.77
QB,Ryan Tannehill (13621220),Ryan Tannehill,13621220,QB,5100,TB@TEN 10/27/2019 01:00PM ET,TEN,9.45
QB,Marcus Mariota (13621470),Marcus Mariota,13621470,QB,5100,TB@TEN 10/27/2019 01:00PM ET,TEN,14.84
RB,James White (13621364),James White,13621364,RB/FLEX,5100,CLE@NE 10/27/2019 04:25PM ET,NE,13.08
WR,DK Metcalf (13621988),DK Metcalf,13621988,WR/FLEX,5000,SEA@ATL 10/27/2019 01:00PM ET,SEA,10.04
QB,Derek Carr (13621297),Derek Carr,13621297,QB,5000,OAK@HOU 10/27/2019 04:25PM ET,OAK,14.02
QB,Andy Dalton (13621195),Andy Dalton,13621195,QB,5000,CIN@LAR 10/27/2019 01:00PM ET,CIN,18.15
RB,Tevin Coleman (13621567),Tevin Coleman,13621567,RB/FLEX,5000,CAR@SF 10/27/2019 04:05PM ET,SF,11.38
QB,Baker Mayfield (13621667),Baker Mayfield,13621667,QB,5000,CLE@NE 10/27/2019 04:25PM ET,CLE,14.22
RB,LeSean McCoy (13621227),LeSean McCoy,13621227,RB/FLEX,5000,GB@KC 10/27/2019 08:20PM ET,KC,10.69
WR,Sammy Watkins (13621422),Sammy Watkins,13621422,WR/FLEX,5000,GB@KC 10/27/2019 08:20PM ET,KC,15.9
WR,Marquez Valdes-Scantling (13621637),Marquez Valdes-Scantling,13621637,WR/FLEX,5000,GB@KC 10/27/2019 08:20PM ET,GB,11.21
QB,Mitchell Trubisky (13621607),Mitchell Trubisky,13621607,QB,4900,LAC@CHI 10/27/2019 01:00PM ET,CHI,11.13
TE,Hunter Henry (13621647),Hunter Henry,13621647,TE/FLEX,4900,LAC@CHI 10/27/2019 01:00PM ET,LAC,19.57
RB,Ty Johnson (13621888),Ty Johnson,13621888,RB/FLEX,4900,NYG@DET 10/27/2019 01:00PM ET,DET,3.3
WR,Robby Anderson (13621477),Robby Anderson,13621477,WR/FLEX,4900,NYJ@JAX 10/27/2019 01:00PM ET,NYJ,8.77
WR,DJ Moore (13621890),DJ Moore,13621890,WR/FLEX,4900,CAR@SF 10/27/2019 04:05PM ET,CAR,13.83
QB,Matt Moore (13621158),Matt Moore,13621158,QB,4900,GB@KC 10/27/2019 08:20PM ET,KC,4.24
QB,Matt Barkley (13621292),Matt Barkley,13621292,QB,4800,PHI@BUF 10/27/2019 01:00PM ET,BUF,4.08
WR,Jamison Crowder (13621416),Jamison Crowder,13621416,WR/FLEX,4800,NYJ@JAX 10/27/2019 01:00PM ET,NYJ,10.37
RB,Matt Breida (13621687),Matt Breida,13621687,RB/FLEX,4800,CAR@SF 10/27/2019 04:05PM ET,SF,12.92
QB,Joe Flacco (13621162),Joe Flacco,13621162,QB,4800,DEN@IND 10/27/2019 01:00PM ET,DEN,12.57
WR,Jarvis Landry (13621391),Jarvis Landry,13621391,WR/FLEX,4800,CLE@NE 10/27/2019 04:25PM ET,CLE,12.15
RB,Jamaal Williams (13621563),Jamaal Williams,13621563,RB/FLEX,4800,GB@KC 10/27/2019 08:20PM ET,GB,11.32
QB,Ryan Fitzpatrick (13621152),Ryan Fitzpatrick,13621152,QB,4700,MIA@PIT 10/28/2019 08:15PM ET,MIA,8.98
QB,Josh Rosen (13621881),Josh Rosen,13621881,QB,4700,MIA@PIT 10/28/2019 08:15PM ET,MIA,4.60
WR,Diontae Johnson (13621944),Diontae Johnson,13621944,WR/FLEX,4700,MIA@PIT 10/28/2019 08:15PM ET,PIT,8.8
QB,Matt Schaub (13621176),Matt Schaub,13621176,QB,4700,SEA@ATL 10/27/2019 01:00PM ET,ATL,3.25
QB,Geno Smith (13621324),Geno Smith,13621324,QB,4700,SEA@ATL 10/27/2019 01:00PM ET,SEA,0
QB,Chase Daniel (13621190),Chase Daniel,13621190,QB,4700,LAC@CHI 10/27/2019 01:00PM ET,CHI,13.82
RB,Tarik Cohen (13621705),Tarik Cohen,13621705,RB/FLEX,4700,LAC@CHI 10/27/2019 01:00PM ET,CHI,9.07
QB,Eli Manning (13621169),Eli Manning,13621169,QB,4700,NYG@DET 10/27/2019 01:00PM ET,NYG,15.52
RB,Wayne Gallman Jr. (13621623),Wayne Gallman Jr.,13621623,RB/FLEX,4700,NYG@DET 10/27/2019 01:00PM ET,NYG,7.43
WR,Kenny Stills (13621331),Kenny Stills,13621331,WR/FLEX,4700,OAK@HOU 10/27/2019 04:25PM ET,HOU,10.66
RB,Carlos Hyde (13621335),Carlos Hyde,13621335,RB/FLEX,4700,OAK@HOU 10/27/2019 04:25PM ET,HOU,10.61
WR,Christian Kirk (13621860),Christian Kirk,13621860,WR/FLEX,4700,ARI@NO 10/27/2019 01:00PM ET,ARI,13.75
WR,Demarcus Robinson (13621598),Demarcus Robinson,13621598,WR/FLEX,4700,GB@KC 10/27/2019 08:20PM ET,KC,10.31
QB,Josh McCown (13621149),Josh McCown,13621149,QB,4600,PHI@BUF 10/27/2019 01:00PM ET,PHI,0.25
RB,Jordan Howard (13621693),Jordan Howard,13621693,RB/FLEX,4600,PHI@BUF 10/27/2019 01:00PM ET,PHI,11.14
RB,Joe Mixon (13621720),Joe Mixon,13621720,RB/FLEX,4600,CIN@LAR 10/27/2019 01:00PM ET,CIN,8.9
WR,Emmanuel Sanders (13621199),Emmanuel Sanders,13621199,WR/FLEX,4600,CAR@SF 10/27/2019 04:05PM ET,SF,11.96
WR,Curtis Samuel (13621727),Curtis Samuel,13621727,WR/FLEX,4600,CAR@SF 10/27/2019 04:05PM ET,CAR,12.38
WR,Mecole Hardman (13621968),Mecole Hardman,13621968,WR/FLEX,4600,GB@KC 10/27/2019 08:20PM ET,KC,9.57
WR,James Washington (13621805),James Washington,13621805,WR/FLEX,4500,MIA@PIT 10/28/2019 08:15PM ET,PIT,4.6
QB,Nick Foles (13621243),Nick Foles,13621243,QB,4500,NYJ@JAX 10/27/2019 01:00PM ET,JAX,7
WR,Dede Westbrook (13621867),Dede Westbrook,13621867,WR/FLEX,4500,NYJ@JAX 10/27/2019 01:00PM ET,JAX,11.61
RB,Ryquell Armstead (13621937),Ryquell Armstead,13621937,RB/FLEX,4500,NYJ@JAX 10/27/2019 01:00PM ET,JAX,2.09
WR,Marquise Goodwin (13621314),Marquise Goodwin,13621314,WR/FLEX,4500,CAR@SF 10/27/2019 04:05PM ET,SF,6.1
TE,Jimmy Graham (13621186),Jimmy Graham,13621186,TE/FLEX,4500,GB@KC 10/27/2019 08:20PM ET,GB,8.2
RB,Devin Singletary (13621958),Devin Singletary,13621958,RB/FLEX,4400,PHI@BUF 10/27/2019 01:00PM ET,BUF,9.7
RB,David Montgomery (13621990),David Montgomery,13621990,RB/FLEX,4400,LAC@CHI 10/27/2019 01:00PM ET,CHI,8.93
QB,Blake Bortles (13621382),Blake Bortles,13621382,QB,4400,CIN@LAR 10/27/2019 01:00PM ET,LAR,0
QB,Taysom Hill (13621306),Taysom Hill,13621306,QB,4400,ARI@NO 10/27/2019 01:00PM ET,NO,4.17
WR,Corey Davis (13621613),Corey Davis,13621613,WR/FLEX,4400,TB@TEN 10/27/2019 01:00PM ET,TEN,9.39
RB,Kenyan Drake (13621557),Kenyan Drake,13621557,RB/FLEX,4300,MIA@PIT 10/28/2019 08:15PM ET,MIA,9.3
QB,Jeff Driskel (13621399),Jeff Driskel,13621399,QB,4300,NYG@DET 10/27/2019 01:00PM ET,DET,0
QB,David Blough (13621726),David Blough,13621726,QB,4300,NYG@DET 10/27/2019 01:00PM ET,DET,0
QB,AJ McCarron (13621318),AJ McCarron,13621318,QB,4300,OAK@HOU 10/27/2019 04:25PM ET,HOU,0
QB,David Fales (13621323),David Fales,13621323,QB,4300,NYJ@JAX 10/27/2019 01:00PM ET,NYJ,0
TE,Gerald Everett (13621842),Gerald Everett,13621842,TE/FLEX,4300,CIN@LAR 10/27/2019 01:00PM ET,LAR,9.6
RB,Ronald Jones II (13621903),Ronald Jones II,13621903,RB/FLEX,4300,TB@TEN 10/27/2019 01:00PM ET,TB,9.02
WR,Zach Pascal (13621516),Zach Pascal,13621516,WR/FLEX,4300,DEN@IND 10/27/2019 01:00PM ET,IND,9.85
DST,Patriots  (13621134),Patriots ,13621134,DST,4300,CLE@NE 10/27/2019 04:25PM ET,NE,21.29
RB,Rex Burkhead (13621300),Rex Burkhead,13621300,RB/FLEX,4300,CLE@NE 10/27/2019 04:25PM ET,NE,10.72
RB,Dontrell Hilliard (13621729),Dontrell Hilliard,13621729,RB/FLEX,4300,CLE@NE 10/27/2019 04:25PM ET,CLE,5.18
QB,Jarrett Stidham (13621864),Jarrett Stidham,13621864,QB,4300,CLE@NE 10/27/2019 04:25PM ET,NE,-0.21
WR,DeVante Parker (13621424),DeVante Parker,13621424,WR/FLEX,4200,MIA@PIT 10/28/2019 08:15PM ET,MIA,10.73
RB,Jaylen Samuels (13621783),Jaylen Samuels,13621783,RB/FLEX,4200,MIA@PIT 10/28/2019 08:15PM ET,PIT,6.54
RB,Rashaad Penny (13621850),Rashaad Penny,13621850,RB/FLEX,4200,SEA@ATL 10/27/2019 01:00PM ET,SEA,5.55
WR,Cole Beasley (13621254),Cole Beasley,13621254,WR/FLEX,4200,PHI@BUF 10/27/2019 01:00PM ET,BUF,11.05
RB,Miles Sanders (13621980),Miles Sanders,13621980,RB/FLEX,4200,PHI@BUF 10/27/2019 01:00PM ET,PHI,9.43
QB,Tyrod Taylor (13621231),Tyrod Taylor,13621231,QB,4200,LAC@CHI 10/27/2019 01:00PM ET,LAC,0.04
QB,Mike Glennon (13621266),Mike Glennon,13621266,QB,4200,OAK@HOU 10/27/2019 04:25PM ET,OAK,5.44
QB,Josh Dobbs (13621631),Josh Dobbs,13621631,QB,4200,NYJ@JAX 10/27/2019 01:00PM ET,JAX,0
WR,Auden Tate (13621925),Auden Tate,13621925,WR/FLEX,4200,CIN@LAR 10/27/2019 01:00PM ET,CIN,9.93
QB,Brett Hundley (13621393),Brett Hundley,13621393,QB,4200,ARI@NO 10/27/2019 01:00PM ET,ARI,0
RB,Nyheim Hines (13621905),Nyheim Hines,13621905,RB/FLEX,4200,DEN@IND 10/27/2019 01:00PM ET,IND,5.93
WR,Phillip Dorsett II (13621408),Phillip Dorsett II,13621408,WR/FLEX,4200,CLE@NE 10/27/2019 04:25PM ET,NE,11.4
QB,Tim Boyle (13621636),Tim Boyle,13621636,QB,4200,GB@KC 10/27/2019 08:20PM ET,GB,-0.3
RB,Ito Smith (13621797),Ito Smith,13621797,RB/FLEX,4100,SEA@ATL 10/27/2019 01:00PM ET,ATL,5.19
WR,Danny Amendola (13621179),Danny Amendola,13621179,WR/FLEX,4100,NYG@DET 10/27/2019 01:00PM ET,DET,11.44
WR,Keke Coutee (13621919),Keke Coutee,13621919,WR/FLEX,4100,OAK@HOU 10/27/2019 04:25PM ET,HOU,5.97
RB,Giovani Bernard (13621337),Giovani Bernard,13621337,RB/FLEX,4100,CIN@LAR 10/27/2019 01:00PM ET,CIN,4.59
QB,Ryan Finley (13621612),Ryan Finley,13621612,QB,4100,CIN@LAR 10/27/2019 01:00PM ET,CIN,0
WR,A.J. Brown (13621986),A.J. Brown,13621986,WR/FLEX,4100,TB@TEN 10/27/2019 01:00PM ET,TEN,9.79
QB,Nick Mullens (13621668),Nick Mullens,13621668,QB,4100,CAR@SF 10/27/2019 04:05PM ET,SF,0
QB,Brian Hoyer (13621181),Brian Hoyer,13621181,QB,4100,DEN@IND 10/27/2019 01:00PM ET,IND,0
QB,Brandon Allen (13621432),Brandon Allen,13621432,QB,4100,DEN@IND 10/27/2019 01:00PM ET,DEN,0
QB,Garrett Gilbert (13621313),Garrett Gilbert,13621313,QB,4100,CLE@NE 10/27/2019 04:25PM ET,CLE,0
DST,Steelers  (13621140),Steelers ,13621140,DST,4000,MIA@PIT 10/28/2019 08:15PM ET,PIT,10.33
QB,Ben Roethlisberger (13621173),Ben Roethlisberger,13621173,QB,4000,MIA@PIT 10/28/2019 08:15PM ET,PIT,6.87
WR,Donte Moncrief (13621464),Donte Moncrief,13621464,WR/FLEX,4000,MIA@PIT 10/28/2019 08:15PM ET,PIT,1.45
QB,Paxton Lynch (13621550),Paxton Lynch,13621550,QB,4000,MIA@PIT 10/28/2019 08:15PM ET,PIT,0
WR,Preston Williams (13621884),Preston Williams,13621884,WR/FLEX,4000,MIA@PIT 10/28/2019 08:15PM ET,MIA,9.9
RB,Benny Snell Jr. (13621964),Benny Snell Jr.,13621964,RB/FLEX,4000,MIA@PIT 10/28/2019 08:15PM ET,PIT,2.15
WR,Jaron Brown (13621264),Jaron Brown,13621264,WR/FLEX,4000,SEA@ATL 10/27/2019 01:00PM ET,SEA,6.5
RB,Frank Gore (13621150),Frank Gore,13621150,RB/FLEX,4000,PHI@BUF 10/27/2019 01:00PM ET,BUF,10.93
QB,Nate Sudfeld (13621569),Nate Sudfeld,13621569,QB,4000,PHI@BUF 10/27/2019 01:00PM ET,PHI,0
WR,Mike Williams (13621625),Mike Williams,13621625,WR/FLEX,4000,LAC@CHI 10/27/2019 01:00PM ET,LAC,9.67
QB,Easton Stick (13621776),Easton Stick,13621776,QB,4000,LAC@CHI 10/27/2019 01:00PM ET,LAC,0
QB,Alex Tanney (13621492),Alex Tanney,13621492,QB,4000,NYG@DET 10/27/2019 01:00PM ET,NYG,0
RB,Jalen Richard (13621551),Jalen Richard,13621551,RB/FLEX,4000,OAK@HOU 10/27/2019 04:25PM ET,OAK,3.07
QB,DeShone Kizer (13621849),DeShone Kizer,13621849,QB,4000,OAK@HOU 10/27/2019 04:25PM ET,OAK,0
RB,Ty Montgomery (13621410),Ty Montgomery,13621410,RB/FLEX,4000,NYJ@JAX 10/27/2019 01:00PM ET,NYJ,2.2
QB,Jake Dolegala (13621943),Jake Dolegala,13621943,QB,4000,CIN@LAR 10/27/2019 01:00PM ET,CIN,0
RB,Darrell Henderson Jr. (13621956),Darrell Henderson Jr.,13621956,RB/FLEX,4000,CIN@LAR 10/27/2019 01:00PM ET,LAR,2.14
TE,Jared Cook (13621188),Jared Cook,13621188,TE/FLEX,4000,ARI@NO 10/27/2019 01:00PM ET,NO,7.3
QB,Blaine Gabbert (13621261),Blaine Gabbert,13621261,QB,4000,TB@TEN 10/27/2019 01:00PM ET,TB,0
QB,Ryan Griffin (13621275),Ryan Griffin,13621275,QB,4000,TB@TEN 10/27/2019 01:00PM ET,TB,0
RB,Peyton Barber (13621649),Peyton Barber,13621649,RB/FLEX,4000,TB@TEN 10/27/2019 01:00PM ET,TB,8.45
QB,C.J. Beathard (13621541),C.J. Beathard,13621541,QB,4000,CAR@SF 10/27/2019 04:05PM ET,SF,0
QB,Will Grier (13621717),Will Grier,13621717,QB,4000,CAR@SF 10/27/2019 04:05PM ET,CAR,0
WR,Deebo Samuel (13621809),Deebo Samuel,13621809,WR/FLEX,4000,CAR@SF 10/27/2019 04:05PM ET,SF,7.92
RB,Jordan Scarlett (13621896),Jordan Scarlett,13621896,RB/FLEX,4000,CAR@SF 10/27/2019 04:05PM ET,CAR,0
QB,Andrew Luck (13621258),Andrew Luck,13621258,QB,4000,DEN@IND 10/27/2019 01:00PM ET,IND,0
QB,Chad Kelly (13621511),Chad Kelly,13621511,QB,4000,DEN@IND 10/27/2019 01:00PM ET,IND,0
WR,Mohamed Sanu (13621290),Mohamed Sanu,13621290,WR/FLEX,4000,CLE@NE 10/27/2019 04:25PM ET,NE,10.09
WR,Geronimo Allison (13621724),Geronimo Allison,13621724,WR/FLEX,4000,GB@KC 10/27/2019 08:20PM ET,GB,6.63
TE,Vance McDonald (13621295),Vance McDonald,13621295,TE/FLEX,3900,MIA@PIT 10/28/2019 08:15PM ET,PIT,7.74
RB,J.D. McKissic (13621475),J.D. McKissic,13621475,RB/FLEX,3900,NYG@DET 10/27/2019 01:00PM ET,DET,4.2
WR,Darius Slayton (13621913),Darius Slayton,13621913,WR/FLEX,3900,NYG@DET 10/27/2019 01:00PM ET,NYG,8.34
RB,Dion Lewis (13621293),Dion Lewis,13621293,RB/FLEX,3900,TB@TEN 10/27/2019 01:00PM ET,TEN,3.69
WR,Adam Humphries (13621420),Adam Humphries,13621420,WR/FLEX,3900,TB@TEN 10/27/2019 01:00PM ET,TEN,6.86
RB,Jeff Wilson Jr. (13621793),Jeff Wilson Jr.,13621793,RB/FLEX,3900,CAR@SF 10/27/2019 04:05PM ET,SF,7.8
RB,Kalen Ballage (13621718),Kalen Ballage,13621718,RB/FLEX,3800,MIA@PIT 10/28/2019 08:15PM ET,MIA,3.7
RB,Brian Hill (13621755),Brian Hill,13621755,RB/FLEX,3800,SEA@ATL 10/27/2019 01:00PM ET,ATL,1.5
RB,Qadree Ollison (13621787),Qadree Ollison,13621787,RB/FLEX,3800,SEA@ATL 10/27/2019 01:00PM ET,ATL,0
WR,Nelson Agholor (13621530),Nelson Agholor,13621530,WR/FLEX,3800,PHI@BUF 10/27/2019 01:00PM ET,PHI,10.06
WR,Taylor Gabriel (13621699),Taylor Gabriel,13621699,WR/FLEX,3800,LAC@CHI 10/27/2019 01:00PM ET,CHI,10.42
RB,Justin Jackson (13621770),Justin Jackson,13621770,RB/FLEX,3800,LAC@CHI 10/27/2019 01:00PM ET,LAC,7.17
RB,Duke Johnson (13621537),Duke Johnson,13621537,RB/FLEX,3800,OAK@HOU 10/27/2019 04:25PM ET,HOU,8.43
WR,Hunter Renfrow (13621854),Hunter Renfrow,13621854,WR/FLEX,3800,OAK@HOU 10/27/2019 04:25PM ET,OAK,4.25
DST,Rams  (13621132),Rams ,13621132,DST,3800,CIN@LAR 10/27/2019 01:00PM ET,LAR,8.86
WR,Dante Pettis (13621830),Dante Pettis,13621830,WR/FLEX,3800,CAR@SF 10/27/2019 04:05PM ET,SF,3.99
WR,Duke Williams (13621757),Duke Williams,13621757,WR/FLEX,3700,PHI@BUF 10/27/2019 01:00PM ET,BUF,8.1
WR,Alex Erickson (13621505),Alex Erickson,13621505,WR/FLEX,3700,CIN@LAR 10/27/2019 01:00PM ET,CIN,6.73
WR,Ted Ginn Jr. (13621177),Ted Ginn Jr.,13621177,WR/FLEX,3700,ARI@NO 10/27/2019 01:00PM ET,NO,7.67
WR,Damiere Byrd (13621435),Damiere Byrd,13621435,WR/FLEX,3700,ARI@NO 10/27/2019 01:00PM ET,ARI,6.2
DST,49ers  (13621142),49ers ,13621142,DST,3700,CAR@SF 10/27/2019 04:05PM ET,SF,14.17
TE,Greg Olsen (13621165),Greg Olsen,13621165,TE/FLEX,3700,CAR@SF 10/27/2019 04:05PM ET,CAR,10.8
RB,Raheem Mostert (13621453),Raheem Mostert,13621453,RB/FLEX,3700,CAR@SF 10/27/2019 04:05PM ET,SF,6.78
WR,Allen Lazard (13621834),Allen Lazard,13621834,WR/FLEX,3700,GB@KC 10/27/2019 08:20PM ET,GB,3.39
RB,C.J. Prosise (13621580),C.J. Prosise,13621580,RB/FLEX,3600,SEA@ATL 10/27/2019 01:00PM ET,SEA,4.12
WR,Robert Foster (13621695),Robert Foster,13621695,WR/FLEX,3600,PHI@BUF 10/27/2019 01:00PM ET,BUF,0
DST,Bears  (13621122),Bears ,13621122,DST,3600,LAC@CHI 10/27/2019 01:00PM ET,CHI,10.33
TE,Delanie Walker (13621163),Delanie Walker,13621163,TE/FLEX,3600,TB@TEN 10/27/2019 01:00PM ET,TEN,7.79
WR,Jakobi Meyers (13621907),Jakobi Meyers,13621907,WR/FLEX,3600,CLE@NE 10/27/2019 04:25PM ET,NE,4.95
WR,Albert Wilson (13621366),Albert Wilson,13621366,WR/FLEX,3500,MIA@PIT 10/28/2019 08:15PM ET,MIA,4.37
WR,Anthony Miller (13621675),Anthony Miller,13621675,WR/FLEX,3500,LAC@CHI 10/27/2019 01:00PM ET,CHI,4.38
TE,T.J. Hockenson (13621976),T.J. Hockenson,13621976,TE/FLEX,3500,NYG@DET 10/27/2019 01:00PM ET,DET,9.15
WR,Trevor Davis (13621490),Trevor Davis,13621490,WR/FLEX,3500,OAK@HOU 10/27/2019 04:25PM ET,OAK,5.8
TE,Chris Herndon (13621777),Chris Herndon,13621777,TE/FLEX,3500,NYJ@JAX 10/27/2019 01:00PM ET,NYJ,0
DST,Saints  (13621135),Saints ,13621135,DST,3500,ARI@NO 10/27/2019 01:00PM ET,NO,9.14
WR,KeeSean Johnson (13621840),KeeSean Johnson,13621840,WR/FLEX,3500,ARI@NO 10/27/2019 01:00PM ET,ARI,4.91
RB,Brandon Bolden (13621271),Brandon Bolden,13621271,RB/FLEX,3500,CLE@NE 10/27/2019 04:25PM ET,NE,7.13
WR,Jake Kumerow (13621372),Jake Kumerow,13621372,WR/FLEX,3500,GB@KC 10/27/2019 08:20PM ET,GB,4.24
RB,Darrel Williams (13621737),Darrel Williams,13621737,RB/FLEX,3500,GB@KC 10/27/2019 08:20PM ET,KC,6.33
WR,Byron Pringle (13621952),Byron Pringle,13621952,WR/FLEX,3500,GB@KC 10/27/2019 08:20PM ET,KC,4.81
RB,T.J. Yeldon (13621497),T.J. Yeldon,13621497,RB/FLEX,3400,PHI@BUF 10/27/2019 01:00PM ET,BUF,4.7
TE,Darren Fells (13621182),Darren Fells,13621182,TE/FLEX,3400,OAK@HOU 10/27/2019 04:25PM ET,HOU,7.66
TE,Eric Ebron (13621445),Eric Ebron,13621445,TE/FLEX,3400,DEN@IND 10/27/2019 01:00PM ET,IND,8.6
RB,Mark Walton (13621882),Mark Walton,13621882,RB/FLEX,3300,MIA@PIT 10/28/2019 08:15PM ET,MIA,5.7
WR,Marcell Ateman (13621655),Marcell Ateman,13621655,WR/FLEX,3300,OAK@HOU 10/27/2019 04:25PM ET,OAK,2.3
WR,Keelan Doss (13621762),Keelan Doss,13621762,WR/FLEX,3300,OAK@HOU 10/27/2019 04:25PM ET,OAK,2.78
WR,Demaryius Thomas (13621215),Demaryius Thomas,13621215,WR/FLEX,3300,NYJ@JAX 10/27/2019 01:00PM ET,NYJ,6.75
WR,Chris Conley (13621394),Chris Conley,13621394,WR/FLEX,3300,NYJ@JAX 10/27/2019 01:00PM ET,JAX,8.23
TE,O.J. Howard (13621617),O.J. Howard,13621617,TE/FLEX,3300,TB@TEN 10/27/2019 01:00PM ET,TB,4.93
WR,DaeSean Hamilton (13621669),DaeSean Hamilton,13621669,WR/FLEX,3300,DEN@IND 10/27/2019 01:00PM ET,DEN,3.09
RB,Jordan Wilkins (13621679),Jordan Wilkins,13621679,RB/FLEX,3300,DEN@IND 10/27/2019 01:00PM ET,IND,3.08
WR,Antonio Callaway (13621894),Antonio Callaway,13621894,WR/FLEX,3300,CLE@NE 10/27/2019 04:25PM ET,CLE,2.1
WR,David Moore (13621998),David Moore,13621998,WR/FLEX,3200,SEA@ATL 10/27/2019 01:00PM ET,SEA,4.56
WR,Cordarrelle Patterson (13621528),Cordarrelle Patterson,13621528,WR/FLEX,3200,LAC@CHI 10/27/2019 01:00PM ET,CHI,3.6
RB,Tra Carson (13621468),Tra Carson,13621468,RB/FLEX,3200,NYG@DET 10/27/2019 01:00PM ET,DET,3.6
WR,Cody Latimer (13621479),Cody Latimer,13621479,WR/FLEX,3200,NYG@DET 10/27/2019 01:00PM ET,NYG,3.95
WR,Keelan Cole (13621713),Keelan Cole,13621713,WR/FLEX,3200,NYJ@JAX 10/27/2019 01:00PM ET,JAX,1.44
TE,Josh Hill (13621280),Josh Hill,13621280,TE/FLEX,3200,ARI@NO 10/27/2019 01:00PM ET,NO,4.3
WR,Pharoh Cooper (13621653),Pharoh Cooper,13621653,WR/FLEX,3200,ARI@NO 10/27/2019 01:00PM ET,ARI,4.25
WR,Tre'Quan Smith (13621838),Tre'Quan Smith,13621838,WR/FLEX,3200,ARI@NO 10/27/2019 01:00PM ET,NO,6.17
DST,Titans  (13621128),Titans ,13621128,DST,3200,TB@TEN 10/27/2019 01:00PM ET,TEN,8.29
WR,Breshad Perriman (13621509),Breshad Perriman,13621509,WR/FLEX,3200,TB@TEN 10/27/2019 01:00PM ET,TB,1.48
RB,Dare Ogunbowale (13621590),Dare Ogunbowale,13621590,RB/FLEX,3200,TB@TEN 10/27/2019 01:00PM ET,TB,5.82
WR,Tajae Sharpe (13621592),Tajae Sharpe,13621592,WR/FLEX,3200,TB@TEN 10/27/2019 01:00PM ET,TEN,3.64
WR,Kendrick Bourne (13621703),Kendrick Bourne,13621703,WR/FLEX,3200,CAR@SF 10/27/2019 04:05PM ET,SF,3.82
WR,Chester Rogers (13621588),Chester Rogers,13621588,WR/FLEX,3200,DEN@IND 10/27/2019 01:00PM ET,IND,3.93
WR,Rashard Higgins (13621634),Rashard Higgins,13621634,WR/FLEX,3200,CLE@NE 10/27/2019 04:25PM ET,CLE,6.6
WR,Gunner Olszewski (13622018),Gunner Olszewski,13622018,WR/FLEX,3200,CLE@NE 10/27/2019 04:25PM ET,NE,0.63
WR,Isaiah McKenzie (13621746),Isaiah McKenzie,13621746,WR/FLEX,3100,PHI@BUF 10/27/2019 01:00PM ET,BUF,4.27
RB,DeAndre Washington (13621441),DeAndre Washington,13621441,RB/FLEX,3100,OAK@HOU 10/27/2019 04:25PM ET,OAK,5.13
WR,Marqise Lee (13621414),Marqise Lee,13621414,WR/FLEX,3100,NYJ@JAX 10/27/2019 01:00PM ET,JAX,0.62
WR,Stanley Morgan (13621869),Stanley Morgan,13621869,WR/FLEX,3100,CIN@LAR 10/27/2019 01:00PM ET,CIN,0.53
RB,Reggie Bonnafon (13621772),Reggie Bonnafon,13621772,RB/FLEX,3100,CAR@SF 10/27/2019 04:05PM ET,CAR,2.42
TE,Ricky Seals-Jones (13621651),Ricky Seals-Jones,13621651,TE/FLEX,3100,CLE@NE 10/27/2019 04:25PM ET,CLE,6.66
DST,Packers  (13621127),Packers ,13621127,DST,3100,GB@KC 10/27/2019 08:20PM ET,GB,7.71
WR,Allen Hurns (13621325),Allen Hurns,13621325,WR/FLEX,3000,MIA@PIT 10/28/2019 08:15PM ET,MIA,3.8
RB,Roosevelt Nix (13621339),Roosevelt Nix,13621339,RB/FLEX,3000,MIA@PIT 10/28/2019 08:15PM ET,PIT,0
WR,Jakeem Grant (13621439),Jakeem Grant,13621439,WR/FLEX,3000,MIA@PIT 10/28/2019 08:15PM ET,MIA,2.6
RB,Trey Edmunds (13621539),Trey Edmunds,13621539,RB/FLEX,3000,MIA@PIT 10/28/2019 08:15PM ET,PIT,0
WR,Ryan Switzer (13621605),Ryan Switzer,13621605,WR/FLEX,3000,MIA@PIT 10/28/2019 08:15PM ET,PIT,1.78
WR,Johnny Holton (13621673),Johnny Holton,13621673,WR/FLEX,3000,MIA@PIT 10/28/2019 08:15PM ET,PIT,0.22
RB,Patrick Laird (13621807),Patrick Laird,13621807,RB/FLEX,3000,MIA@PIT 10/28/2019 08:15PM ET,MIA,0
WR,Isaiah Ford (13621827),Isaiah Ford,13621827,WR/FLEX,3000,MIA@PIT 10/28/2019 08:15PM ET,MIA,0.97
RB,Myles Gaskin (13621865),Myles Gaskin,13621865,RB/FLEX,3000,MIA@PIT 10/28/2019 08:15PM ET,MIA,0
RB,Chandler Cox (13621875),Chandler Cox,13621875,RB/FLEX,3000,MIA@PIT 10/28/2019 08:15PM ET,MIA,0
RB,Nick Bellore (13621221),Nick Bellore,13621221,RB/FLEX,3000,SEA@ATL 10/27/2019 01:00PM ET,SEA,0.43
RB,Kenjon Barner (13621252),Kenjon Barner,13621252,RB/FLEX,3000,SEA@ATL 10/27/2019 01:00PM ET,ATL,0.28
WR,Justin Hardy (13621370),Justin Hardy,13621370,WR/FLEX,3000,SEA@ATL 10/27/2019 01:00PM ET,ATL,2.16
RB,Keith Smith (13621376),Keith Smith,13621376,RB/FLEX,3000,SEA@ATL 10/27/2019 01:00PM ET,ATL,0.03
WR,Russell Gage (13621735),Russell Gage,13621735,WR/FLEX,3000,SEA@ATL 10/27/2019 01:00PM ET,ATL,1.04
WR,Malik Turner (13621766),Malik Turner,13621766,WR/FLEX,3000,SEA@ATL 10/27/2019 01:00PM ET,SEA,2.24
WR,Gary Jennings (13621886),Gary Jennings,13621886,WR/FLEX,3000,SEA@ATL 10/27/2019 01:00PM ET,SEA,0
WR,Olamide Zaccheaus (13621927),Olamide Zaccheaus,13621927,WR/FLEX,3000,SEA@ATL 10/27/2019 01:00PM ET,ATL,0
WR,John Ursua (13621941),John Ursua,13621941,WR/FLEX,3000,SEA@ATL 10/27/2019 01:00PM ET,SEA,0
RB,Travis Homer (13621972),Travis Homer,13621972,RB/FLEX,3000,SEA@ATL 10/27/2019 01:00PM ET,SEA,0
DST,Bills  (13621120),Bills ,13621120,DST,3000,PHI@BUF 10/27/2019 01:00PM ET,BUF,8.67
RB,Darren Sproles (13621153),Darren Sproles,13621153,RB/FLEX,3000,PHI@BUF 10/27/2019 01:00PM ET,PHI,3
WR,Andre Roberts (13621205),Andre Roberts,13621205,WR/FLEX,3000,PHI@BUF 10/27/2019 01:00PM ET,BUF,0.58
RB,Patrick DiMarco (13621244),Patrick DiMarco,13621244,RB/FLEX,3000,PHI@BUF 10/27/2019 01:00PM ET,BUF,1.4
RB,Senorise Perry (13621353),Senorise Perry,13621353,RB/FLEX,3000,PHI@BUF 10/27/2019 01:00PM ET,BUF,0
WR,Mack Hollins (13621586),Mack Hollins,13621586,WR/FLEX,3000,PHI@BUF 10/27/2019 01:00PM ET,PHI,3.21
RB,Boston Scott (13621681),Boston Scott,13621681,RB/FLEX,3000,PHI@BUF 10/27/2019 01:00PM ET,PHI,3.85
WR,JJ Arcega-Whiteside (13621939),JJ Arcega-Whiteside,13621939,WR/FLEX,3000,PHI@BUF 10/27/2019 01:00PM ET,PHI,0.49
TE,Trey Burton (13621327),Trey Burton,13621327,TE/FLEX,3000,LAC@CHI 10/27/2019 01:00PM ET,CHI,3.96
WR,Geremy Davis (13621374),Geremy Davis,13621374,WR/FLEX,3000,LAC@CHI 10/27/2019 01:00PM ET,LAC,1.13
RB,Derek Watt (13621457),Derek Watt,13621457,RB/FLEX,3000,LAC@CHI 10/27/2019 01:00PM ET,LAC,0.93
RB,Mike Davis (13621555),Mike Davis,13621555,RB/FLEX,3000,LAC@CHI 10/27/2019 01:00PM ET,CHI,1.98
RB,Troymaine Pope (13621584),Troymaine Pope,13621584,RB/FLEX,3000,LAC@CHI 10/27/2019 01:00PM ET,LAC,1.9
WR,Andre Patton (13621657),Andre Patton,13621657,WR/FLEX,3000,LAC@CHI 10/27/2019 01:00PM ET,LAC,1.05
WR,Riley Ridley (13621954),Riley Ridley,13621954,WR/FLEX,3000,LAC@CHI 10/27/2019 01:00PM ET,CHI,0
WR,Javon Wims (13621970),Javon Wims,13621970,WR/FLEX,3000,LAC@CHI 10/27/2019 01:00PM ET,CHI,3.17
WR,Jason Moore (13622016),Jason Moore,13622016,WR/FLEX,3000,LAC@CHI 10/27/2019 01:00PM ET,LAC,3.15
WR,Russell Shepard (13621288),Russell Shepard,13621288,WR/FLEX,3000,NYG@DET 10/27/2019 01:00PM ET,NYG,1.83
WR,Bennie Fowler III (13621321),Bennie Fowler III,13621321,WR/FLEX,3000,NYG@DET 10/27/2019 01:00PM ET,NYG,6.28
RB,Javorius Allen (13621412),Javorius Allen,13621412,RB/FLEX,3000,NYG@DET 10/27/2019 01:00PM ET,NYG,0
RB,Elijhaa Penny (13621459),Elijhaa Penny,13621459,RB/FLEX,3000,NYG@DET 10/27/2019 01:00PM ET,NYG,0.93
WR,Marvin Hall (13621466),Marvin Hall,13621466,WR/FLEX,3000,NYG@DET 10/27/2019 01:00PM ET,DET,4.8
WR,Cody Core (13621561),Cody Core,13621561,WR/FLEX,3000,NYG@DET 10/27/2019 01:00PM ET,NYG,0.83
RB,Nick Bawden (13621753),Nick Bawden,13621753,RB/FLEX,3000,NYG@DET 10/27/2019 01:00PM ET,DET,0.73
WR,Dwayne Harris (13621201),Dwayne Harris,13621201,WR/FLEX,3000,OAK@HOU 10/27/2019 04:25PM ET,OAK,0.85
RB,Taiwan Jones (13621223),Taiwan Jones,13621223,RB/FLEX,3000,OAK@HOU 10/27/2019 04:25PM ET,HOU,0
RB,Isaiah Crowell (13621461),Isaiah Crowell,13621461,RB/FLEX,3000,OAK@HOU 10/27/2019 04:25PM ET,OAK,0
WR,DeAndre Carter (13621487),DeAndre Carter,13621487,WR/FLEX,3000,OAK@HOU 10/27/2019 04:25PM ET,HOU,-0.01
WR,Jalin Marshall (13621610),Jalin Marshall,13621610,WR/FLEX,3000,OAK@HOU 10/27/2019 04:25PM ET,OAK,0
WR,Zay Jones (13621659),Zay Jones,13621659,WR/FLEX,3000,OAK@HOU 10/27/2019 04:25PM ET,OAK,2.78
RB,Buddy Howell (13621791),Buddy Howell,13621791,RB/FLEX,3000,OAK@HOU 10/27/2019 04:25PM ET,HOU,0
RB,Cullen Gillaspia (13621813),Cullen Gillaspia,13621813,RB/FLEX,3000,OAK@HOU 10/27/2019 04:25PM ET,HOU,0
RB,Alec Ingold (13621909),Alec Ingold,13621909,RB/FLEX,3000,OAK@HOU 10/27/2019 04:25PM ET,OAK,0.07
RB,Bilal Powell (13621241),Bilal Powell,13621241,RB/FLEX,3000,NYJ@JAX 10/27/2019 01:00PM ET,NYJ,0.3
WR,Josh Bellamy (13621351),Josh Bellamy,13621351,WR/FLEX,3000,NYJ@JAX 10/27/2019 01:00PM ET,NYJ,0.67
RB,Tyler Ervin (13621428),Tyler Ervin,13621428,RB/FLEX,3000,NYJ@JAX 10/27/2019 01:00PM ET,JAX,0
WR,C.J. Board (13621565),C.J. Board,13621565,WR/FLEX,3000,NYJ@JAX 10/27/2019 01:00PM ET,JAX,0
WR,Braxton Berrios (13621722),Braxton Berrios,13621722,WR/FLEX,3000,NYJ@JAX 10/27/2019 01:00PM ET,NYJ,0.83
RB,Roc Thomas (13621803),Roc Thomas,13621803,RB/FLEX,3000,NYJ@JAX 10/27/2019 01:00PM ET,JAX,0
WR,Vyncint Smith (13621856),Vyncint Smith,13621856,WR/FLEX,3000,NYJ@JAX 10/27/2019 01:00PM ET,NYJ,3.13
RB,Devine Ozigbo (13621871),Devine Ozigbo,13621871,RB/FLEX,3000,NYJ@JAX 10/27/2019 01:00PM ET,JAX,0
RB,Trenton Cannon (13622004),Trenton Cannon,13622004,RB/FLEX,3000,NYJ@JAX 10/27/2019 01:00PM ET,NYJ,0
WR,JoJo Natson (13621548),JoJo Natson,13621548,WR/FLEX,3000,CIN@LAR 10/27/2019 01:00PM ET,LAR,0
WR,Josh Reynolds (13621740),Josh Reynolds,13621740,WR/FLEX,3000,CIN@LAR 10/27/2019 01:00PM ET,LAR,0.77
WR,Mike Thomas (13621799),Mike Thomas,13621799,WR/FLEX,3000,CIN@LAR 10/27/2019 01:00PM ET,LAR,0
RB,John Kelly (13621898),John Kelly,13621898,RB/FLEX,3000,CIN@LAR 10/27/2019 01:00PM ET,LAR,0.45
RB,Trayveon Williams (13621948),Trayveon Williams,13621948,RB/FLEX,3000,CIN@LAR 10/27/2019 01:00PM ET,CIN,0
WR,Damion Willis (13621992),Damion Willis,13621992,WR/FLEX,3000,CIN@LAR 10/27/2019 01:00PM ET,CIN,2.46
RB,Zach Line (13621256),Zach Line,13621256,RB/FLEX,3000,ARI@NO 10/27/2019 01:00PM ET,NO,0.54
RB,Zach Zenner (13621387),Zach Zenner,13621387,RB/FLEX,3000,ARI@NO 10/27/2019 01:00PM ET,NO,1.7
RB,D.J. Foster (13621507),D.J. Foster,13621507,RB/FLEX,3000,ARI@NO 10/27/2019 01:00PM ET,ARI,0
WR,Austin Carr (13621542),Austin Carr,13621542,WR/FLEX,3000,ARI@NO 10/27/2019 01:00PM ET,NO,0
RB,Dwayne Washington (13621596),Dwayne Washington,13621596,RB/FLEX,3000,ARI@NO 10/27/2019 01:00PM ET,NO,0.23
WR,Trent Sherfield (13621815),Trent Sherfield,13621815,WR/FLEX,3000,ARI@NO 10/27/2019 01:00PM ET,ARI,1.71
WR,Andy Isabella (13621892),Andy Isabella,13621892,WR/FLEX,3000,ARI@NO 10/27/2019 01:00PM ET,ARI,0.73
WR,Lil'Jordan Humphrey (13621966),Lil'Jordan Humphrey,13621966,WR/FLEX,3000,ARI@NO 10/27/2019 01:00PM ET,NO,0
WR,Deonte Harris (13622014),Deonte Harris,13622014,WR/FLEX,3000,ARI@NO 10/27/2019 01:00PM ET,NO,0.9
RB,Rod Smith (13621349),Rod Smith,13621349,RB/FLEX,3000,TB@TEN 10/27/2019 01:00PM ET,TEN,0
WR,Darius Jennings (13621447),Darius Jennings,13621447,WR/FLEX,3000,TB@TEN 10/27/2019 01:00PM ET,TEN,0.53
WR,Amara Darboh (13621570),Amara Darboh,13621570,WR/FLEX,3000,TB@TEN 10/27/2019 01:00PM ET,TB,0
RB,T.J. Logan (13621603),T.J. Logan,13621603,RB/FLEX,3000,TB@TEN 10/27/2019 01:00PM ET,TB,0
RB,Dalyn Dawkins (13621671),Dalyn Dawkins,13621671,RB/FLEX,3000,TB@TEN 10/27/2019 01:00PM ET,TEN,0.2
WR,Justin Watson (13621781),Justin Watson,13621781,WR/FLEX,3000,TB@TEN 10/27/2019 01:00PM ET,TB,0.38
WR,Scotty Miller (13621873),Scotty Miller,13621873,WR/FLEX,3000,TB@TEN 10/27/2019 01:00PM ET,TB,2.18
WR,Jarius Wright (13621269),Jarius Wright,13621269,WR/FLEX,3000,CAR@SF 10/27/2019 04:05PM ET,CAR,4.3
RB,Kyle Juszczyk (13621302),Kyle Juszczyk,13621302,RB/FLEX,3000,CAR@SF 10/27/2019 04:05PM ET,SF,3.55
WR,Jordan Matthews (13621358),Jordan Matthews,13621358,WR/FLEX,3000,CAR@SF 10/27/2019 04:05PM ET,SF,0
WR,Richie James Jr. (13621742),Richie James Jr.,13621742,WR/FLEX,3000,CAR@SF 10/27/2019 04:05PM ET,SF,3.47
WR,Greg Dortch (13621950),Greg Dortch,13621950,WR/FLEX,3000,CAR@SF 10/27/2019 04:05PM ET,CAR,0
WR,Brandon Zylstra (13621960),Brandon Zylstra,13621960,WR/FLEX,3000,CAR@SF 10/27/2019 04:05PM ET,CAR,0
RB,Alex Armah (13621996),Alex Armah,13621996,RB/FLEX,3000,CAR@SF 10/27/2019 04:05PM ET,CAR,1.58
TE,Jack Doyle (13621286),Jack Doyle,13621286,TE/FLEX,3000,DEN@IND 10/27/2019 01:00PM ET,IND,6.32
WR,Diontae Spencer (13621383),Diontae Spencer,13621383,WR/FLEX,3000,DEN@IND 10/27/2019 01:00PM ET,DEN,0.6
RB,Andy Janovich (13621499),Andy Janovich,13621499,RB/FLEX,3000,DEN@IND 10/27/2019 01:00PM ET,DEN,1.25
WR,Fred Brown (13621522),Fred Brown,13621522,WR/FLEX,3000,DEN@IND 10/27/2019 01:00PM ET,DEN,0.38
RB,Jonathan Williams (13621553),Jonathan Williams,13621553,RB/FLEX,3000,DEN@IND 10/27/2019 01:00PM ET,IND,0
WR,Devin Funchess (13621572),Devin Funchess,13621572,WR/FLEX,3000,DEN@IND 10/27/2019 01:00PM ET,IND,6.2
RB,Devontae Booker (13621619),Devontae Booker,13621619,RB/FLEX,3000,DEN@IND 10/27/2019 01:00PM ET,DEN,0
WR,Juwann Winfree (13621819),Juwann Winfree,13621819,WR/FLEX,3000,DEN@IND 10/27/2019 01:00PM ET,DEN,0
WR,Parris Campbell (13621823),Parris Campbell,13621823,WR/FLEX,3000,DEN@IND 10/27/2019 01:00PM ET,IND,5.48
WR,Deon Cain (13621878),Deon Cain,13621878,WR/FLEX,3000,DEN@IND 10/27/2019 01:00PM ET,IND,1.53
WR,Ashton Dulin (13622012),Ashton Dulin,13622012,WR/FLEX,3000,DEN@IND 10/27/2019 01:00PM ET,IND,0
WR,Matthew Slater (13621167),Matthew Slater,13621167,WR/FLEX,3000,CLE@NE 10/27/2019 04:25PM ET,NE,0
TE,Ben Watson (13621174),Ben Watson,13621174,TE/FLEX,3000,CLE@NE 10/27/2019 04:25PM ET,NE,4.8
RB,James Develin (13621217),James Develin,13621217,RB/FLEX,3000,CLE@NE 10/27/2019 04:25PM ET,NE,0.15
RB,Kareem Hunt (13621661),Kareem Hunt,13621661,RB/FLEX,3000,CLE@NE 10/27/2019 04:25PM ET,CLE,0
WR,Taywan Taylor (13621689),Taywan Taylor,13621689,WR/FLEX,3000,CLE@NE 10/27/2019 04:25PM ET,CLE,0
WR,KhaDarel Hodge (13621707),KhaDarel Hodge,13621707,WR/FLEX,3000,CLE@NE 10/27/2019 04:25PM ET,CLE,0
TE,David Njoku (13621779),David Njoku,13621779,TE/FLEX,3000,CLE@NE 10/27/2019 04:25PM ET,CLE,6.85
RB,D'Ernest Johnson (13621847),D'Ernest Johnson,13621847,RB/FLEX,3000,CLE@NE 10/27/2019 04:25PM ET,CLE,2.53
WR,Damion Ratley (13621862),Damion Ratley,13621862,WR/FLEX,3000,CLE@NE 10/27/2019 04:25PM ET,CLE,3.66
RB,Damien Harris (13621931),Damien Harris,13621931,RB/FLEX,3000,CLE@NE 10/27/2019 04:25PM ET,NE,0.6
WR,N'Keal Harry (13621946),N'Keal Harry,13621946,WR/FLEX,3000,CLE@NE 10/27/2019 04:25PM ET,NE,0
RB,Anthony Sherman (13621236),Anthony Sherman,13621236,RB/FLEX,3000,GB@KC 10/27/2019 08:20PM ET,KC,0.49
WR,Ryan Grant (13621298),Ryan Grant,13621298,WR/FLEX,3000,GB@KC 10/27/2019 08:20PM ET,GB,2.7
WR,De'Anthony Thomas (13621471),De'Anthony Thomas,13621471,WR/FLEX,3000,GB@KC 10/27/2019 08:20PM ET,KC,0.33
RB,Danny Vitale (13621544),Danny Vitale,13621544,RB/FLEX,3000,GB@KC 10/27/2019 08:20PM ET,GB,2.24
WR,Darrius Shepherd (13621774),Darrius Shepherd,13621774,WR/FLEX,3000,GB@KC 10/27/2019 08:20PM ET,GB,0.02
RB,Dexter Williams (13621935),Dexter Williams,13621935,RB/FLEX,3000,GB@KC 10/27/2019 08:20PM ET,GB,0.2
RB,Darwin Thompson (13622006),Darwin Thompson,13622006,RB/FLEX,3000,GB@KC 10/27/2019 08:20PM ET,KC,0.44
TE,Luke Willson (13621273),Luke Willson,13621273,TE/FLEX,2900,SEA@ATL 10/27/2019 01:00PM ET,SEA,2.55
TE,Jacob Hollister (13621576),Jacob Hollister,13621576,TE/FLEX,2900,SEA@ATL 10/27/2019 01:00PM ET,SEA,2.5
TE,Dawson Knox (13621933),Dawson Knox,13621933,TE/FLEX,2900,PHI@BUF 10/27/2019 01:00PM ET,BUF,6.12
DST,Jaguars  (13621146),Jaguars ,13621146,DST,2900,NYJ@JAX 10/27/2019 01:00PM ET,JAX,7
TE,Tyler Higbee (13621430),Tyler Higbee,13621430,TE/FLEX,2900,CIN@LAR 10/27/2019 01:00PM ET,LAR,6.53
DST,Colts  (13621129),Colts ,13621129,DST,2900,DEN@IND 10/27/2019 01:00PM ET,IND,6
TE,Noah Fant (13621974),Noah Fant,13621974,TE/FLEX,2900,DEN@IND 10/27/2019 01:00PM ET,DEN,5.06
TE,Matt LaCosse (13621449),Matt LaCosse,13621449,TE/FLEX,2900,CLE@NE 10/27/2019 04:25PM ET,NE,2.12
TE,Ryan Izzo (13621795),Ryan Izzo,13621795,TE/FLEX,2900,CLE@NE 10/27/2019 04:25PM ET,NE,3.9
DST,Seahawks  (13621143),Seahawks ,13621143,DST,2800,SEA@ATL 10/27/2019 01:00PM ET,SEA,6.71
TE,Dallas Goedert (13621715),Dallas Goedert,13621715,TE/FLEX,2800,PHI@BUF 10/27/2019 01:00PM ET,PHI,6.83
DST,Lions  (13621126),Lions ,13621126,DST,2800,NYG@DET 10/27/2019 01:00PM ET,DET,6.17
TE,Rhett Ellison (13621229),Rhett Ellison,13621229,TE/FLEX,2800,NYG@DET 10/27/2019 01:00PM ET,NYG,4.13
TE,Jordan Akins (13621836),Jordan Akins,13621836,TE/FLEX,2800,OAK@HOU 10/27/2019 04:25PM ET,HOU,6.9
TE,Tyler Eifert (13621319),Tyler Eifert,13621319,TE/FLEX,2800,CIN@LAR 10/27/2019 01:00PM ET,CIN,4.97
TE,Jonnu Smith (13621645),Jonnu Smith,13621645,TE/FLEX,2800,TB@TEN 10/27/2019 01:00PM ET,TEN,3.73
TE,Nick Vannett (13621451),Nick Vannett,13621451,TE/FLEX,2700,MIA@PIT 10/28/2019 08:15PM ET,PIT,2.35
DST,Eagles  (13621138),Eagles ,13621138,DST,2700,PHI@BUF 10/27/2019 01:00PM ET,PHI,7.43
TE,Tyler Kroft (13621397),Tyler Kroft,13621397,TE/FLEX,2700,PHI@BUF 10/27/2019 01:00PM ET,BUF,0
TE,Jesse James (13621503),Jesse James,13621503,TE/FLEX,2700,NYG@DET 10/27/2019 01:00PM ET,DET,2.18
DST,Texans  (13621121),Texans ,13621121,DST,2700,OAK@HOU 10/27/2019 04:25PM ET,HOU,6.57
TE,Foster Moreau (13621858),Foster Moreau,13621858,TE/FLEX,2700,OAK@HOU 10/27/2019 04:25PM ET,OAK,6.02
TE,Ryan Griffin (13621267),Ryan Griffin,13621267,TE/FLEX,2700,NYJ@JAX 10/27/2019 01:00PM ET,NYJ,3.27
TE,Geoff Swaim (13621601),Geoff Swaim,13621601,TE/FLEX,2700,NYJ@JAX 10/27/2019 01:00PM ET,JAX,3.25
TE,Josh Oliver (13621915),Josh Oliver,13621915,TE/FLEX,2700,NYJ@JAX 10/27/2019 01:00PM ET,JAX,0
TE,Cameron Brate (13621345),Cameron Brate,13621345,TE/FLEX,2700,TB@TEN 10/27/2019 01:00PM ET,TB,5.98
TE,Mike Gesicki (13621825),Mike Gesicki,13621825,TE/FLEX,2600,MIA@PIT 10/28/2019 08:15PM ET,MIA,4.55
TE,Bradley Sowell (13621225),Bradley Sowell,13621225,TE/FLEX,2600,LAC@CHI 10/27/2019 01:00PM ET,CHI,0
TE,Adam Shaheen (13621994),Adam Shaheen,13621994,TE/FLEX,2600,LAC@CHI 10/27/2019 01:00PM ET,CHI,3.07
DST,Jets  (13621137),Jets ,13621137,DST,2600,NYJ@JAX 10/27/2019 01:00PM ET,NYJ,7.5
TE,Charles Clay (13621234),Charles Clay,13621234,TE/FLEX,2600,ARI@NO 10/27/2019 01:00PM ET,ARI,2.14
TE,Maxx Williams (13621501),Maxx Williams,13621501,TE/FLEX,2600,ARI@NO 10/27/2019 01:00PM ET,ARI,3.47
TE,Xavier Grimble (13621360),Xavier Grimble,13621360,TE/FLEX,2500,MIA@PIT 10/28/2019 08:15PM ET,PIT,0.43
TE,Nick O'Leary (13621443),Nick O'Leary,13621443,TE/FLEX,2500,MIA@PIT 10/28/2019 08:15PM ET,MIA,1.28
TE,Durham Smythe (13621685),Durham Smythe,13621685,TE/FLEX,2500,MIA@PIT 10/28/2019 08:15PM ET,MIA,0.57
TE,Zach Gentry (13621921),Zach Gentry,13621921,TE/FLEX,2500,MIA@PIT 10/28/2019 08:15PM ET,PIT,0
TE,Luke Stocker (13621211),Luke Stocker,13621211,TE/FLEX,2500,SEA@ATL 10/27/2019 01:00PM ET,ATL,0.94
TE,Tyler Ott (13621347),Tyler Ott,13621347,TE/FLEX,2500,SEA@ATL 10/27/2019 01:00PM ET,SEA,0
TE,Jaeden Graham (13621785),Jaeden Graham,13621785,TE/FLEX,2500,SEA@ATL 10/27/2019 01:00PM ET,ATL,0.44
TE,Lee Smith (13621209),Lee Smith,13621209,TE/FLEX,2500,PHI@BUF 10/27/2019 01:00PM ET,BUF,1.92
TE,Tommy Sweeney (13621821),Tommy Sweeney,13621821,TE/FLEX,2500,PHI@BUF 10/27/2019 01:00PM ET,BUF,1.36
TE,Virgil Green (13621197),Virgil Green,13621197,TE/FLEX,2500,LAC@CHI 10/27/2019 01:00PM ET,LAC,1.53
TE,Lance Kendricks (13621207),Lance Kendricks,13621207,TE/FLEX,2500,LAC@CHI 10/27/2019 01:00PM ET,LAC,1.6
TE,Patrick Scales (13621239),Patrick Scales,13621239,TE/FLEX,2500,LAC@CHI 10/27/2019 01:00PM ET,CHI,0
TE,Ben Braunecker (13621520),Ben Braunecker,13621520,TE/FLEX,2500,LAC@CHI 10/27/2019 01:00PM ET,CHI,0.73
TE,J.P. Holtz (13621546),J.P. Holtz,13621546,TE/FLEX,2500,LAC@CHI 10/27/2019 01:00PM ET,CHI,0.86
TE,Logan Thomas (13621316),Logan Thomas,13621316,TE/FLEX,2500,NYG@DET 10/27/2019 01:00PM ET,DET,1.62
TE,Garrett Dickerson (13621768),Garrett Dickerson,13621768,TE/FLEX,2500,NYG@DET 10/27/2019 01:00PM ET,NYG,0
TE,Kaden Smith (13621978),Kaden Smith,13621978,TE/FLEX,2500,NYG@DET 10/27/2019 01:00PM ET,NYG,0
TE,Logan Paulsen (13621191),Logan Paulsen,13621191,TE/FLEX,2500,OAK@HOU 10/27/2019 04:25PM ET,HOU,0
TE,Derek Carrier (13621514),Derek Carrier,13621514,TE/FLEX,2500,OAK@HOU 10/27/2019 04:25PM ET,OAK,2.45
TE,Daniel Brown (13621380),Daniel Brown,13621380,TE/FLEX,2500,NYJ@JAX 10/27/2019 01:00PM ET,NYJ,0
TE,Ben Koyack (13621483),Ben Koyack,13621483,TE/FLEX,2500,NYJ@JAX 10/27/2019 01:00PM ET,JAX,0
TE,Seth DeValve (13621495),Seth DeValve,13621495,TE/FLEX,2500,NYJ@JAX 10/27/2019 01:00PM ET,JAX,0.37
TE,Trevon Wesco (13621962),Trevon Wesco,13621962,TE/FLEX,2500,NYJ@JAX 10/27/2019 01:00PM ET,NYJ,0
TE,Matt Orzech (13622010),Matt Orzech,13622010,TE/FLEX,2500,NYJ@JAX 10/27/2019 01:00PM ET,JAX,0
TE,Clark Harris (13621160),Clark Harris,13621160,TE/FLEX,2500,CIN@LAR 10/27/2019 01:00PM ET,CIN,0
TE,C.J. Uzomah (13621402),C.J. Uzomah,13621402,TE/FLEX,2500,CIN@LAR 10/27/2019 01:00PM ET,CIN,2.69
TE,Cethan Carter (13621608),Cethan Carter,13621608,TE/FLEX,2500,CIN@LAR 10/27/2019 01:00PM ET,CIN,0
TE,Johnny Mundt (13621629),Johnny Mundt,13621629,TE/FLEX,2500,CIN@LAR 10/27/2019 01:00PM ET,LAR,0
TE,Drew Sample (13621832),Drew Sample,13621832,TE/FLEX,2500,CIN@LAR 10/27/2019 01:00PM ET,CIN,0.96
TE,Darrell Daniels (13621665),Darrell Daniels,13621665,TE/FLEX,2500,ARI@NO 10/27/2019 01:00PM ET,ARI,0
TE,Dan Arnold (13622002),Dan Arnold,13622002,TE/FLEX,2500,ARI@NO 10/27/2019 01:00PM ET,NO,0
DST,Buccaneers  (13621144),Buccaneers ,13621144,DST,2500,TB@TEN 10/27/2019 01:00PM ET,TB,7.5
TE,Beau Brinkley (13621262),Beau Brinkley,13621262,TE/FLEX,2500,TB@TEN 10/27/2019 01:00PM ET,TEN,0
TE,MyCole Pruitt (13621343),MyCole Pruitt,13621343,TE/FLEX,2500,TB@TEN 10/27/2019 01:00PM ET,TEN,0
TE,Anthony Firkser (13621709),Anthony Firkser,13621709,TE/FLEX,2500,TB@TEN 10/27/2019 01:00PM ET,TEN,1.2
TE,Antony Auclair (13622000),Antony Auclair,13622000,TE/FLEX,2500,TB@TEN 10/27/2019 01:00PM ET,TB,0
TE,Tanner Hudson (13622008),Tanner Hudson,13622008,TE/FLEX,2500,TB@TEN 10/27/2019 01:00PM ET,TB,0
TE,Garrison Sanborn (13621184),Garrison Sanborn,13621184,TE/FLEX,2500,CAR@SF 10/27/2019 04:05PM ET,SF,0
TE,Kyle Nelson (13621203),Kyle Nelson,13621203,TE/FLEX,2500,CAR@SF 10/27/2019 04:05PM ET,SF,0
TE,Levine Toilolo (13621307),Levine Toilolo,13621307,TE/FLEX,2500,CAR@SF 10/27/2019 04:05PM ET,SF,0.5
TE,Chris Manhertz (13621385),Chris Manhertz,13621385,TE/FLEX,2500,CAR@SF 10/27/2019 04:05PM ET,CAR,0
TE,Ross Dwelley (13621701),Ross Dwelley,13621701,TE/FLEX,2500,CAR@SF 10/27/2019 04:05PM ET,SF,0.48
TE,Ian Thomas (13621982),Ian Thomas,13621982,TE/FLEX,2500,CAR@SF 10/27/2019 04:05PM ET,CAR,0
TE,Jeff Heuerman (13621404),Jeff Heuerman,13621404,TE/FLEX,2500,DEN@IND 10/27/2019 01:00PM ET,DEN,1.96
TE,Mo Alie-Cox (13621594),Mo Alie-Cox,13621594,TE/FLEX,2500,DEN@IND 10/27/2019 01:00PM ET,IND,1.3
TE,Troy Fumagalli (13621643),Troy Fumagalli,13621643,TE/FLEX,2500,DEN@IND 10/27/2019 01:00PM ET,DEN,0.57
TE,Andrew Beck (13621759),Andrew Beck,13621759,TE/FLEX,2500,DEN@IND 10/27/2019 01:00PM ET,DEN,0.29
TE,Eric Tomlinson (13621355),Eric Tomlinson,13621355,TE/FLEX,2500,CLE@NE 10/27/2019 04:25PM ET,NE,0.28
TE,Demetrius Harris (13621426),Demetrius Harris,13621426,TE/FLEX,2500,CLE@NE 10/27/2019 04:25PM ET,CLE,1.93
TE,Pharaoh Brown (13621526),Pharaoh Brown,13621526,TE/FLEX,2500,CLE@NE 10/27/2019 04:25PM ET,CLE,0.78
TE,Rico Gathers (13621574),Rico Gathers,13621574,TE/FLEX,2500,CLE@NE 10/27/2019 04:25PM ET,CLE,0
TE,Marcedes Lewis (13621156),Marcedes Lewis,13621156,TE/FLEX,2500,GB@KC 10/27/2019 08:20PM ET,GB,2.99
TE,James Winchester (13621282),James Winchester,13621282,TE/FLEX,2500,GB@KC 10/27/2019 08:20PM ET,KC,0
TE,Blake Bell (13621329),Blake Bell,13621329,TE/FLEX,2500,GB@KC 10/27/2019 08:20PM ET,KC,0.4
TE,Robert Tonyan (13621518),Robert Tonyan,13621518,TE/FLEX,2500,GB@KC 10/27/2019 08:20PM ET,GB,2.12
TE,Evan Baylis (13621524),Evan Baylis,13621524,TE/FLEX,2500,GB@KC 10/27/2019 08:20PM ET,GB,0
TE,Deon Yelder (13621691),Deon Yelder,13621691,TE/FLEX,2500,GB@KC 10/27/2019 08:20PM ET,KC,1.26
DST,Panthers  (13621145),Panthers ,13621145,DST,2400,CAR@SF 10/27/2019 04:05PM ET,CAR,12
DST,Chiefs  (13621130),Chiefs ,13621130,DST,2400,GB@KC 10/27/2019 08:20PM ET,KC,9
DST,Chargers  (13621141),Chargers ,13621141,DST,2300,LAC@CHI 10/27/2019 01:00PM ET,LAC,6.57
DST,Giants  (13621136),Giants ,13621136,DST,2200,NYG@DET 10/27/2019 01:00PM ET,NYG,8
DST,Broncos  (13621125),Broncos ,13621125,DST,2100,DEN@IND 10/27/2019 01:00PM ET,DEN,6
DST,Browns  (13621124),Browns ,13621124,DST,2000,CLE@NE 10/27/2019 04:25PM ET,CLE,6.5
DST,Cardinals  (13621139),Cardinals ,13621139,DST,1900,ARI@NO 10/27/2019 01:00PM ET,ARI,4.14
DST,Falcons  (13621119),Falcons ,13621119,DST,1800,SEA@ATL 10/27/2019 01:00PM ET,ATL,0.57
DST,Bengals  (13621123),Bengals ,13621123,DST,1700,CIN@LAR 10/27/2019 01:00PM ET,CIN,3.29
DST,Dolphins  (13621133),Dolphins ,13621133,DST,1600,MIA@PIT 10/28/2019 08:15PM ET,MIA,0.67
DST,Raiders  (13621131),Raiders ,13621131,DST,1500,OAK@HOU 10/27/2019 04:25PM ET,OAK,3.5
